8
Mickey,Mouse,0,M,micky@cit260.edu,mickey.jpg
Minnie,Mouse,1,F,minnie@cit260.edu,minnie.jpg
Daffy,Duck,1,M,daffy@cit260.edu,
Tigger,Great,0,M,tg@cit260.edu,tigger.jpg
Winnie,Pooh,1,M,wdp@cit260.edu,pooh.jpg
Eeyore,Eeyore,0,M,,eeyore.jpg
Snow,White,1,F,sw@cit260.edu,snow.jpg
Kanga,Roo,0,F,kr@cit260.edu,kanga.jpg